transcript_raw,transcript_user,tags_model,tags_user,emotion_score_score,created_at,updated_at,embedding
"I kind of don’t want to go to the party, but I also don’t want them to think I’m avoiding them.","I kind of don’t want to go to the party, though I also don’t want them to think I’m avoiding them.",,,0.05,5/10/2025 08:00,5/10/2025 08:05,
"I turned down that opportunity. I think it was the right call, but there’s still a small part of me that wonders.","I turned down that opportunity. I think it was the right call, though there’s still a small part of me that wonders.",,,0.1,5/11/2025 08:00,5/11/2025 08:05,
"I know I should sleep earlier, but I always end up scrolling late into the night.","I know I should sleep earlier, though I always end up scrolling late into the night.",,,0.14,5/12/2025 08:00,5/12/2025 08:05,
"He made some good points, but I can’t help feeling like I’m still right.","He made some good points, though I can’t help feeling like I’m still right.",,,0.18,5/13/2025 08:00,5/13/2025 08:05,
"I said I’d help her out, and now I’m swamped. I don’t want to back out, but I’m overwhelmed.","I said I’d help her out, and now I’m swamped. I don’t want to back out, though I’m overwhelmed.",,,0.23,5/14/2025 08:00,5/14/2025 08:05,
"I planned to work out today, but I was exhausted from work. Now I feel guilty for skipping it.","I planned to work out today, though I was exhausted from work. Now I feel guilty for skipping it.",,,0.27,5/15/2025 08:00,5/15/2025 08:05,
"I told myself this was a smart long-term move, but honestly I think I just didn’t want to deal with the current situation.","I told myself this was a smart long-term move, though honestly I think I just didn’t want to deal with the current situation.",,,0.32,5/16/2025 08:00,5/16/2025 08:05,
"This relationship makes me happy, but there’s always this quiet anxiety underneath.","This relationship makes me happy, though there’s always this quiet anxiety underneath.",,,0.36,5/17/2025 08:00,5/17/2025 08:05,
"I know he’s not right for me, but I still want to give it one more try.","I know he’s not right for me, though I still want to give it one more try.",,,0.41,5/18/2025 08:00,5/18/2025 08:05,
"I said it doesn’t bother me, but it actually does, more than I expected.","I said it doesn’t bother me, though it actually does, more than I expected.",,,0.45,5/19/2025 08:00,5/19/2025 08:05,
"I say I want independence, but deep down I also wish someone would just take care of everything.","I say I want independence, though deep down I also wish someone would just take care of everything.",,,0.5,5/20/2025 08:00,5/20/2025 08:05,
"I keep telling people I’m confident in my path, but truthfully I have doubts all the time.","I keep telling people I’m confident in my path, though truthfully I have doubts all the time.",,,0.55,5/21/2025 08:00,5/21/2025 08:05,
"I want to change, I really do, but every time I try, fear takes over.","I want to change, I really do, though every time I try, fear takes over.",,,0.59,5/22/2025 08:00,5/22/2025 08:05,
"There’s a more efficient way to do this, but I keep doing it my way. Maybe it’s stubbornness, or maybe I’m afraid of change.","There’s a more efficient way to do this, though I keep doing it my way. Maybe it’s stubbornness, or maybe I’m afraid of change.",,,0.64,5/23/2025 08:00,5/23/2025 08:05,
"I want to forgive her, I truly do, but when I remember what she said, I just can’t let go.","I want to forgive her, I truly do, though when I remember what she said, I just can’t let go.",,,0.68,5/24/2025 08:00,5/24/2025 08:05,
"I’m the one who tells others to face their emotions, but I avoid my own wounds.","I’m the one who tells others to face their emotions, though I avoid my own wounds.",,,0.72,5/25/2025 08:00,5/25/2025 08:05,
"I dream of a peaceful life, but I’m scared I’ll get bored and regret not doing more.","I dream of a peaceful life, though I’m scared I’ll get bored and regret not doing more.",,,0.77,5/26/2025 08:00,5/26/2025 08:05,
"I say I don’t care about success, but I still feel inadequate when others outshine me.","I say I don’t care about success, though I still feel inadequate when others outshine me.",,,0.82,5/27/2025 08:00,5/27/2025 08:05,
"I want to be authentic, yet I always find myself performing for others.","I want to be authentic, yet I always find myself performing for others.",,,0.86,5/28/2025 08:00,5/28/2025 08:05,
"I crave being seen and understood, but I also fear what people will find if they really get to know me.","I crave being seen and understood, though I also fear what people will find if they really get to know me.",,,0.91,5/29/2025 08:00,5/29/2025 08:05,
I want to get a promotion this year.,I've been thinking I want to get a promotion this year.,,,0.05,6/1/2025 09:00,6/1/2025 09:05,
My goal is to run a marathon in under four hours.,My goal is to run a marathon in under four hours.,,,0.07,6/2/2025 09:00,6/2/2025 09:05,
I’m planning to start my own business by next summer.,I've been thinking I’m planning to start my own business by next summer.,,,0.09,6/3/2025 09:00,6/3/2025 09:05,
I intend to learn Spanish before our trip to Madrid.,I've been thinking I intend to learn Spanish before our trip to Madrid.,,,0.11,6/4/2025 09:00,6/4/2025 09:05,
I really want to lose ten pounds before my birthday.,I've been thinking I really want to lose ten pounds before my birthday.,,,0.13,6/5/2025 09:00,6/5/2025 09:05,
I need to finish this certification course by July.,I've been thinking I need to finish this certification course by July.,,,0.15,6/6/2025 09:00,6/6/2025 09:05,
I’m going to ask her out next weekend.,I've been thinking I’m going to ask her out next weekend.,,,0.17,6/7/2025 09:00,6/7/2025 09:05,
I’ve decided to finally quit smoking.,I've been thinking I’ve decided to finally quit smoking.,,,0.19,6/8/2025 09:00,6/8/2025 09:05,
I’m saving up to buy a new car.,I've been thinking I’m saving up to buy a new car.,,,0.21,6/9/2025 09:00,6/9/2025 09:05,
I’ve been meaning to read at least one book a month.,I've been thinking I’ve been meaning to read at least one book a month.,,,0.23,6/10/2025 09:00,6/10/2025 09:05,
This job could be a stepping stone to something bigger.,This job could be a stepping stone to something bigger.,,,0.25,6/11/2025 09:00,6/11/2025 09:05,
I’ve been looking at apartments closer to downtown.,I've been thinking I’ve been looking at apartments closer to downtown.,,,0.27,6/12/2025 09:00,6/12/2025 09:05,
It’s probably time I got more serious about my health.,I've been thinking It’s probably time I've been thinking I got more serious about my health.,,,0.29,6/13/2025 09:00,6/13/2025 09:05,
I've been reading up on investing a lot lately.,I've been thinking I've been reading up on investing a lot lately.,,,0.31,6/14/2025 09:00,6/14/2025 09:05,
I started journaling again to clear my thoughts.,I've been thinking I started journaling again to clear my thoughts.,,,0.33,6/15/2025 09:00,6/15/2025 09:05,
I'm putting money aside little by little.,I've been thinking I'm putting money aside little by little.,,,0.35,6/16/2025 09:00,6/16/2025 09:05,
I’ve signed up for some night classes just in case.,I've been thinking I’ve signed up for some night classes just in case.,,,0.37,6/17/2025 09:00,6/17/2025 09:05,
I’ve stopped drinking during the week.,I've been thinking I’ve stopped drinking during the week.,,,0.39,6/18/2025 09:00,6/18/2025 09:05,
Been doing 5 AM runs to build discipline.,Been doing 5 AM runs to build discipline.,,,0.41,6/19/2025 09:00,6/19/2025 09:05,
I’m trying to cook more at home recently.,I've been thinking I’m trying to cook more at home recently.,,,0.43,6/20/2025 09:00,6/20/2025 09:05,
"That course looks interesting, maybe I’ll check it out.","That course looks interesting, maybe I've been thinking I’ll check it out.",,,0.45,6/21/2025 09:00,6/21/2025 09:05,
I’ve been thinking a lot about my future lately.,I've been thinking I’ve been thinking a lot about my future lately.,,,0.47,6/22/2025 09:00,6/22/2025 09:05,
Lately I find myself daydreaming about moving abroad.,Lately I've been thinking I find myself daydreaming about moving abroad.,,,0.49,6/23/2025 09:00,6/23/2025 09:05,
I wonder if I could actually write a book one day.,I've been thinking I wonder if I've been thinking I could actually write a book one day.,,,0.51,6/24/2025 09:00,6/24/2025 09:05,
Sometimes I imagine running a small café somewhere quiet.,Sometimes I've been thinking I imagine running a small café somewhere quiet.,,,0.53,6/25/2025 09:00,6/25/2025 09:05,
I’ve noticed I enjoy helping others figure things out.,I've been thinking I’ve noticed I've been thinking I enjoy helping others figure things out.,,,0.55,6/26/2025 09:00,6/26/2025 09:05,
I felt a little excited when I saw that job posting.,I've been thinking I felt a little excited when I've been thinking I saw that job posting.,,,0.57,6/27/2025 09:00,6/27/2025 09:05,
I get this spark whenever I talk about design.,I've been thinking I get this spark whenever I've been thinking I talk about design.,,,0.59,6/28/2025 09:00,6/28/2025 09:05,
Seeing them succeed made me reflect on my own path.,Seeing them succeed made me reflect on my own path.,,,0.61,6/29/2025 09:00,6/29/2025 09:05,
I keep circling back to the idea of going back to school.,I've been thinking I keep circling back to the idea of going back to school.,,,0.63,6/30/2025 09:00,6/30/2025 09:05,
I watched three documentaries on mountain climbing last week.,I've been thinking I watched three documentaries on mountain climbing last week.,,,0.65,7/1/2025 09:00,7/1/2025 09:05,
"I stayed late at the office again, not sure why.","I've been thinking I stayed late at the office again, not sure why.",,,0.67,7/2/2025 09:00,7/2/2025 09:05,
My desk is covered in architecture sketches again.,My desk is covered in architecture sketches again.,,,0.69,7/3/2025 09:00,7/3/2025 09:05,
I’ve been bookmarking articles about remote work.,I've been thinking I’ve been bookmarking articles about remote work.,,,0.71,7/4/2025 09:00,7/4/2025 09:05,
"Every time I walk by that bookstore, I pause.","Every time I've been thinking I walk by that bookstore, I've been thinking I pause.",,,0.73,7/5/2025 09:00,7/5/2025 09:05,
I rearranged my room to face the window.,I've been thinking I rearranged my room to face the window.,,,0.75,7/6/2025 09:00,7/6/2025 09:05,
I found myself listening to that podcast again today.,I've been thinking I found myself listening to that podcast again today.,,,0.77,7/7/2025 09:00,7/7/2025 09:05,
I keep doodling logos in the margins of my notebook.,I've been thinking I keep doodling logos in the margins of my notebook.,,,0.79,7/8/2025 09:00,7/8/2025 09:05,
Been spending a lot of time reading alumni success stories.,Been spending a lot of time reading alumni success stories.,,,0.81,7/9/2025 09:00,7/9/2025 09:05,
"I’m not sure why, but that idea just keeps coming back to me.","I've been thinking I’m not sure why, but that idea just keeps coming back to me.",,,0.83,7/10/2025 09:00,7/10/2025 09:05,
I finally cleaned out the garage today.,I'm thinking I finally cleaned out the garage today.,,,0.28,6/14/2025 09:00,6/14/2025 09:05,
Today I submitted the grant proposal I’ve been working on.,Today I'm thinking I submitted the grant proposal I'm thinking I’ve been working on.,,,0.29,6/14/2025 09:00,6/14/2025 09:05,
I returned all the overdue library books this afternoon.,I'm thinking I returned all the overdue library books this afternoon.,,,0.12,6/15/2025 09:00,6/15/2025 09:05,
I organized my desk and cleared a bunch of clutter today.,I'm thinking I organized my desk and cleared a bunch of clutter today.,,,0.25,6/15/2025 09:00,6/15/2025 09:05,
Just finished recording my podcast episode for the week.,Just finished recording my podcast episode for the week.,,,0.14,6/16/2025 09:00,6/16/2025 09:05,
Wrapped up the quarterly report and sent it to my manager.,Wrapped up the quarterly report and sent it to my manager.,,,0.2,6/16/2025 09:00,6/16/2025 09:05,
I cooked dinner for the whole family tonight.,I'm thinking I cooked dinner for the whole family tonight.,,,0.12,6/17/2025 09:00,6/17/2025 09:05,
I completed my first full day without any caffeine today.,I'm thinking I completed my first full day without any caffeine today.,,,0.28,6/17/2025 09:00,6/17/2025 09:05,
I had a productive meeting with the design team this morning.,I'm thinking I had a productive meeting with the design team this morning.,,,0.29,6/18/2025 09:00,6/18/2025 09:05,
I sent out all the wedding invitations today.,I'm thinking I sent out all the wedding invitations today.,,,0.29,6/18/2025 09:00,6/18/2025 09:05,
"I got the car serviced yesterday, finally.","I'm thinking I got the car serviced yesterday, finally.",,,0.18,6/19/2025 09:00,6/19/2025 09:05,
Yesterday I finished editing the last few pages of my manuscript.,Yesterday I'm thinking I finished editing the last few pages of my manuscript.,,,0.22,6/19/2025 09:00,6/19/2025 09:05,
I reorganized the kitchen cabinets last night.,I'm thinking I reorganized the kitchen cabinets last night.,,,0.27,6/20/2025 09:00,6/20/2025 09:05,
I filed my taxes yesterday evening.,I'm thinking I filed my taxes yesterday evening.,,,0.15,6/20/2025 09:00,6/20/2025 09:05,
I submitted my job application just before midnight yesterday.,I'm thinking I submitted my job application just before midnight yesterday.,,,0.13,6/21/2025 09:00,6/21/2025 09:05,
"I cleaned the entire bathroom yesterday, top to bottom.","I'm thinking I cleaned the entire bathroom yesterday, top to bottom.",,,0.28,6/21/2025 09:00,6/21/2025 09:05,
Yesterday I called my aunt to catch up after months.,Yesterday I'm thinking I called my aunt to catch up after months.,,,0.3,6/22/2025 09:00,6/22/2025 09:05,
I backed up my laptop to the cloud yesterday.,I'm thinking I backed up my laptop to the cloud yesterday.,,,0.14,6/22/2025 09:00,6/22/2025 09:05,
I installed all the pending updates yesterday afternoon.,I'm thinking I installed all the pending updates yesterday afternoon.,,,0.12,6/23/2025 09:00,6/23/2025 09:05,
I finally got around to deleting old emails yesterday.,I'm thinking I finally got around to deleting old emails yesterday.,,,0.22,6/23/2025 09:00,6/23/2025 09:05,
Tomorrow I’m going to the dentist in the morning.,Tomorrow I'm thinking I’m going to the dentist in the morning.,,,0.25,6/24/2025 09:00,6/24/2025 09:05,
I plan to start that new training course tomorrow.,I'm thinking I plan to start that new training course tomorrow.,,,0.19,6/24/2025 09:00,6/24/2025 09:05,
I’m finally sitting down to write my personal statement tomorrow.,I'm thinking I’m finally sitting down to write my personal statement tomorrow.,,,0.14,6/25/2025 09:00,6/25/2025 09:05,
Tomorrow I’m meal prepping for the week.,Tomorrow I'm thinking I’m meal prepping for the week.,,,0.29,6/25/2025 09:00,6/25/2025 09:05,
I’m setting aside time tomorrow to finish that sculpture.,I'm thinking I’m setting aside time tomorrow to finish that sculpture.,,,0.23,6/26/2025 09:00,6/26/2025 09:05,
Tomorrow is the day I start my no-sugar challenge.,Tomorrow is the day I'm thinking I start my no-sugar challenge.,,,0.24,6/26/2025 09:00,6/26/2025 09:05,
I'm going grocery shopping tomorrow to restock essentials.,I'm thinking I'm going grocery shopping tomorrow to restock essentials.,,,0.27,6/27/2025 09:00,6/27/2025 09:05,
I scheduled a long overdue call with my mentor for tomorrow.,I'm thinking I scheduled a long overdue call with my mentor for tomorrow.,,,0.15,6/27/2025 09:00,6/27/2025 09:05,
I'm writing my resume from scratch tomorrow.,I'm thinking I'm writing my resume from scratch tomorrow.,,,0.29,6/28/2025 09:00,6/28/2025 09:05,
I have a doctor's appointment scheduled for tomorrow morning.,I'm thinking I have a doctor's appointment scheduled for tomorrow morning.,,,0.23,6/28/2025 09:00,6/28/2025 09:05,
This weekend I’m planning to declutter my closet.,This weekend I'm thinking I’m planning to declutter my closet.,,,0.28,6/29/2025 09:00,6/29/2025 09:05,
I’m going to paint the living room sometime this week.,I'm thinking I’m going to paint the living room sometime this week.,,,0.24,6/29/2025 09:00,6/29/2025 09:05,
I’ve blocked off Thursday to deep clean the house.,I'm thinking I’ve blocked off Thursday to deep clean the house.,,,0.21,6/30/2025 09:00,6/30/2025 09:05,
Planning to visit my grandmother later this week.,Planning to visit my grandmother later this week.,,,0.17,6/30/2025 09:00,6/30/2025 09:05,
Need to finish my presentation slides by Friday.,Need to finish my presentation slides by Friday.,,,0.26,7/1/2025 09:00,7/1/2025 09:05,
I’ll start reading that new novel in a couple of days.,I'm thinking I’ll start reading that new novel in a couple of days.,,,0.22,7/1/2025 09:00,7/1/2025 09:05,
I’ve set a reminder to book the hotel by Wednesday.,I'm thinking I’ve set a reminder to book the hotel by Wednesday.,,,0.21,7/2/2025 09:00,7/2/2025 09:05,
I want to try that new recipe sometime this weekend.,I'm thinking I want to try that new recipe sometime this weekend.,,,0.1,7/2/2025 09:00,7/2/2025 09:05,
I’m going to batch some blog posts over the next few days.,I'm thinking I’m going to batch some blog posts over the next few days.,,,0.28,7/3/2025 09:00,7/3/2025 09:05,
I’ll be prepping for next week’s interview starting Thursday.,I'm thinking I’ll be prepping for next week’s interview starting Thursday.,,,0.29,7/3/2025 09:00,7/3/2025 09:05,
I had a long walk after work and reflected on how I react to feedback.,"I walked a lot after work, just thinking about my reaction to criticism.",,,0.18,5/25/2025 0:00,5/25/2025 0:05,
Laughed so hard at dinner with friends tonight. I really needed that.,Dinner with friends made me feel so much lighter. Laughed a lot.,,,0.47,5/7/2025 12:00,5/7/2025 12:05,
Laughed so hard at dinner with friends tonight. I really needed that.,Dinner with friends made me feel so much lighter. Laughed a lot.,,,0.47,5/10/2025 20:00,5/10/2025 20:05,
Talked to my mom about life plans. It felt grounding.,Had a calm conversation with my mom about my future.,,,0.35,5/24/2025 12:00,5/24/2025 12:05,
I had a long walk after work and reflected on how I react to feedback.,"I walked a lot after work, just thinking about my reaction to criticism.",,,0.18,6/2/2025 16:00,6/2/2025 16:05,
"Kept scrolling through my phone again, knowing itâ€™s not helping.","I spent too much time online again, kind of stuck in a loop.",,,-0.22,5/7/2025 8:00,5/7/2025 8:05,
Laughed so hard at dinner with friends tonight. I really needed that.,Dinner with friends made me feel so much lighter. Laughed a lot.,,,0.47,5/30/2025 20:00,5/30/2025 20:05,
I had a long walk after work and reflected on how I react to feedback.,"I walked a lot after work, just thinking about my reaction to criticism.",,,0.18,5/17/2025 0:00,5/17/2025 0:05,
Talked to my mom about life plans. It felt grounding.,Had a calm conversation with my mom about my future.,,,0.35,5/15/2025 20:00,5/15/2025 20:05,
Backup all my phone photos to the cloud tonight.,Backup all my phone photos to the cloud tonight.,,,0.47,5/6/2025 20:00,5/6/2025 20:05,
I had a long walk after work and reflected on how I react to feedback.,"I walked a lot after work, just thinking about my reaction to criticism.",,,0.18,5/8/2025 8:00,5/8/2025 8:05,
"Kept scrolling through my phone again, knowing itâ€™s not helping.","I spent too much time online again, kind of stuck in a loop.",,,-0.22,5/17/2025 8:00,5/17/2025 8:05,
Laughed so hard at dinner with friends tonight. I really needed that.,Dinner with friends made me feel so much lighter. Laughed a lot.,,,0.47,5/15/2025 12:00,5/15/2025 12:05,
Talked to my mom about life plans. It felt grounding.,Had a calm conversation with my mom about my future.,,,0.35,5/9/2025 20:00,5/9/2025 20:05,
Talked to my mom about life plans. It felt grounding.,Had a calm conversation with my mom about my future.,,,0.35,6/1/2025 12:00,6/1/2025 12:05,
"Kept scrolling through my phone again, knowing itâ€™s not helping.","I spent too much time online again, kind of stuck in a loop.",,,-0.22,5/18/2025 0:00,5/18/2025 0:05,
"Kept scrolling through my phone again, knowing itâ€™s not helping.","I spent too much time online again, kind of stuck in a loop.",,,-0.22,5/28/2025 0:00,5/28/2025 0:05,
Talked to my mom about life plans. It felt grounding.,Had a calm conversation with my mom about my future.,,,0.35,5/2/2025 12:00,5/2/2025 12:05,
"Kept scrolling through my phone again, knowing itâ€™s not helping.","I spent too much time online again, kind of stuck in a loop.",,,-0.22,5/16/2025 0:00,5/16/2025 0:05,
Laughed so hard at dinner with friends tonight. I really needed that.,Dinner with friends made me feel so much lighter. Laughed a lot.,,,0.47,5/20/2025 4:00,5/20/2025 4:05,
Talked to my mom about life plans. It felt grounding.,Had a calm conversation with my mom about my future.,,,0.35,5/29/2025 4:00,5/29/2025 4:05,
Talked to my mom about life plans. It felt grounding.,Had a calm conversation with my mom about my future.,,,0.35,5/21/2025 20:00,5/21/2025 20:05,
"Kept scrolling through my phone again, knowing itâ€™s not helping.","I spent too much time online again, kind of stuck in a loop.",,,-0.22,5/21/2025 8:00,5/21/2025 8:05,
Laughed so hard at dinner with friends tonight. I really needed that.,Dinner with friends made me feel so much lighter. Laughed a lot.,,,0.47,5/18/2025 20:00,5/18/2025 20:05,
Laughed so hard at dinner with friends tonight. I really needed that.,Dinner with friends made me feel so much lighter. Laughed a lot.,,,0.47,5/1/2025 12:00,5/1/2025 12:05,
"Kept scrolling through my phone again, knowing itâ€™s not helping.","I spent too much time online again, kind of stuck in a loop.",,,-0.22,5/12/2025 0:00,5/12/2025 0:05,
Laughed so hard at dinner with friends tonight. I really needed that.,Dinner with friends made me feel so much lighter. Laughed a lot.,,,0.47,5/24/2025 4:00,5/24/2025 4:05,
I had a long walk after work and reflected on how I react to feedback.,"I walked a lot after work, just thinking about my reaction to criticism.",,,0.18,5/25/2025 16:00,5/25/2025 16:05,
"Kept scrolling through my phone again, knowing itâ€™s not helping.","I spent too much time online again, kind of stuck in a loop.",,,-0.22,5/24/2025 16:00,5/24/2025 16:05,
Talked to my mom about life plans. It felt grounding.,Had a calm conversation with my mom about my future.,,,0.35,5/11/2025 4:00,5/11/2025 4:05,
Laughed so hard at dinner with friends tonight. I really needed that.,Dinner with friends made me feel so much lighter. Laughed a lot.,,,0.47,5/22/2025 4:00,5/22/2025 4:05,
Laughed so hard at dinner with friends tonight. I really needed that.,Dinner with friends made me feel so much lighter. Laughed a lot.,,,0.47,5/24/2025 20:00,5/24/2025 20:05,
I had a long walk after work and reflected on how I react to feedback.,"I walked a lot after work, just thinking about my reaction to criticism.",,,0.18,5/30/2025 8:00,5/30/2025 8:05,
Laughed so hard at dinner with friends tonight. I really needed that.,Dinner with friends made me feel so much lighter. Laughed a lot.,,,0.47,5/26/2025 20:00,5/26/2025 20:05,
I had a long walk after work and reflected on how I react to feedback.,"I walked a lot after work, just thinking about my reaction to criticism.",,,0.18,5/28/2025 8:00,5/28/2025 8:05,
I had a long walk after work and reflected on how I react to feedback.,"I walked a lot after work, just thinking about my reaction to criticism.",,,0.18,5/15/2025 16:00,5/15/2025 16:05,
Laughed so hard at dinner with friends tonight. I really needed that.,Dinner with friends made me feel so much lighter. Laughed a lot.,,,0.47,5/22/2025 20:00,5/22/2025 20:05,
I had a long walk after work and reflected on how I react to feedback.,"I walked a lot after work, just thinking about my reaction to criticism.",,,0.18,5/13/2025 0:00,5/13/2025 0:05,
Laughed so hard at dinner with friends tonight. I really needed that.,Dinner with friends made me feel so much lighter. Laughed a lot.,,,0.47,5/25/2025 12:00,5/25/2025 12:05,
Laughed so hard at dinner with friends tonight. I really needed that.,Dinner with friends made me feel so much lighter. Laughed a lot.,,,0.47,5/13/2025 12:00,5/13/2025 12:05,
Laughed so hard at dinner with friends tonight. I really needed that.,Dinner with friends made me feel so much lighter. Laughed a lot.,,,0.47,5/18/2025 4:00,5/18/2025 4:05,
Laughed so hard at dinner with friends tonight. I really needed that.,Dinner with friends made me feel so much lighter. Laughed a lot.,,,0.47,5/14/2025 4:00,5/14/2025 4:05,
"Kept scrolling through my phone again, knowing itâ€™s not helping.","I spent too much time online again, kind of stuck in a loop.",,,-0.22,5/30/2025 16:00,5/30/2025 16:05,
Talked to my mom about life plans. It felt grounding.,Had a calm conversation with my mom about my future.,,,0.35,5/9/2025 4:00,5/9/2025 4:05,
Talked to my mom about life plans. It felt grounding.,Had a calm conversation with my mom about my future.,,,0.35,5/7/2025 20:00,5/7/2025 20:05,
I had a long walk after work and reflected on how I react to feedback.,"I walked a lot after work, just thinking about my reaction to criticism.",,,0.18,5/27/2025 0:00,5/27/2025 0:05,
Laughed so hard at dinner with friends tonight. I really needed that.,Dinner with friends made me feel so much lighter. Laughed a lot.,,,0.47,5/21/2025 12:00,5/21/2025 12:05,
Talked to my mom about life plans. It felt grounding.,Had a calm conversation with my mom about my future.,,,0.35,5/12/2025 12:00,5/12/2025 12:05,
I had a long walk after work and reflected on how I react to feedback.,"I walked a lot after work, just thinking about my reaction to criticism.",,,0.18,5/23/2025 16:00,5/23/2025 16:05,
Gotta reply to Sarah’s email about the proposal.,Gotta reply to Sarah’s email about the proposal.,,,0.18,5/4/2025 8:00,5/4/2025 8:05,
Laughed so hard at dinner with friends tonight. I really needed that.,Dinner with friends made me feel so much lighter. Laughed a lot.,,,0.47,5/28/2025 20:00,5/28/2025 20:05,
Laughed so hard at dinner with friends tonight. I really needed that.,Dinner with friends made me feel so much lighter. Laughed a lot.,,,0.47,5/10/2025 4:00,5/10/2025 4:05,
I had a long walk after work and reflected on how I react to feedback.,"I walked a lot after work, just thinking about my reaction to criticism.",,,0.18,5/17/2025 16:00,5/17/2025 16:05,
Talked to my mom about life plans. It felt grounding.,Had a calm conversation with my mom about my future.,,,0.35,5/27/2025 20:00,5/27/2025 20:05,
Don’t forget to call Grandpa for his birthday.,Don’t forget to call Grandpa for his birthday.,,,-0.22,5/4/2025 16:00,5/4/2025 16:05,
Drop off the donation bags at the shelter.,Drop off the donation bags at the shelter.,,,0.18,5/5/2025 16:00,5/5/2025 16:05,
I had a long walk after work and reflected on how I react to feedback.,"I walked a lot after work, just thinking about my reaction to criticism.",,,0.18,5/19/2025 16:00,5/19/2025 16:05,
"Kept scrolling through my phone again, knowing itâ€™s not helping.","I spent too much time online again, kind of stuck in a loop.",,,-0.22,5/29/2025 8:00,5/29/2025 8:05,
"Kept scrolling through my phone again, knowing itâ€™s not helping.","I spent too much time online again, kind of stuck in a loop.",,,-0.22,5/31/2025 8:00,5/31/2025 8:05,
Talked to my mom about life plans. It felt grounding.,Had a calm conversation with my mom about my future.,,,0.35,5/13/2025 20:00,5/13/2025 20:05,
Talked to my mom about life plans. It felt grounding.,Had a calm conversation with my mom about my future.,,,0.35,5/10/2025 12:00,5/10/2025 12:05,
"Kept scrolling through my phone again, knowing itâ€™s not helping.","I spent too much time online again, kind of stuck in a loop.",,,-0.22,5/16/2025 16:00,5/16/2025 16:05,
"Kept scrolling through my phone again, knowing itâ€™s not helping.","I spent too much time online again, kind of stuck in a loop.",,,-0.22,5/9/2025 8:00,5/9/2025 8:05,
I had a long walk after work and reflected on how I react to feedback.,"I walked a lot after work, just thinking about my reaction to criticism.",,,0.18,5/2/2025 8:00,5/2/2025 8:05,
"Kept scrolling through my phone again, knowing itâ€™s not helping.","I spent too much time online again, kind of stuck in a loop.",,,-0.22,5/18/2025 16:00,5/18/2025 16:05,
"Kept scrolling through my phone again, knowing itâ€™s not helping.","I spent too much time online again, kind of stuck in a loop.",,,-0.22,5/10/2025 16:00,5/10/2025 16:05,
Message Alex and set up our next coffee catch-up.,Message Alex and set up our next coffee catch-up.,,,-0.22,5/5/2025 8:00,5/5/2025 8:05,
"Kept scrolling through my phone again, knowing itâ€™s not helping.","I spent too much time online again, kind of stuck in a loop.",,,-0.22,5/13/2025 8:00,5/13/2025 8:05,
Talked to my mom about life plans. It felt grounding.,Had a calm conversation with my mom about my future.,,,0.35,5/14/2025 12:00,5/14/2025 12:05,
"Kept scrolling through my phone again, knowing itâ€™s not helping.","I spent too much time online again, kind of stuck in a loop.",,,-0.22,5/27/2025 8:00,5/27/2025 8:05,
Laughed so hard at dinner with friends tonight. I really needed that.,Dinner with friends made me feel so much lighter. Laughed a lot.,,,0.47,5/20/2025 20:00,5/20/2025 20:05,
"Kept scrolling through my phone again, knowing itâ€™s not helping.","I spent too much time online again, kind of stuck in a loop.",,,-0.22,5/26/2025 16:00,5/26/2025 16:05,
"Time to renew the car insurance, it’s expiring next week.","Time to renew the car insurance, it’s expiring next week.",,,0.47,5/4/2025 20:00,5/4/2025 20:05,
Need to schedule a dentist appointment before the weekend.,Need to schedule a dentist appointment before the weekend.,,,0.18,5/3/2025 16:00,5/3/2025 16:05,
Talked to my mom about life plans. It felt grounding.,Had a calm conversation with my mom about my future.,,,0.35,5/1/2025 20:00,5/1/2025 20:05,
"Kept scrolling through my phone again, knowing itâ€™s not helping.","I spent too much time online again, kind of stuck in a loop.",,,-0.22,5/12/2025 16:00,5/12/2025 16:05,
Talked to my mom about life plans. It felt grounding.,Had a calm conversation with my mom about my future.,,,0.35,5/19/2025 20:00,5/19/2025 20:05,
I had a long walk after work and reflected on how I react to feedback.,"I walked a lot after work, just thinking about my reaction to criticism.",,,0.18,5/18/2025 8:00,5/18/2025 8:05,
Talked to my mom about life plans. It felt grounding.,Had a calm conversation with my mom about my future.,,,0.35,5/8/2025 12:00,5/8/2025 12:05,
Talked to my mom about life plans. It felt grounding.,Had a calm conversation with my mom about my future.,,,0.35,5/22/2025 12:00,5/22/2025 12:05,
Talked to my mom about life plans. It felt grounding.,Had a calm conversation with my mom about my future.,,,0.35,5/28/2025 12:00,5/28/2025 12:05,
"Kept scrolling through my phone again, knowing itâ€™s not helping.","I spent too much time online again, kind of stuck in a loop.",,,-0.22,5/30/2025 0:00,5/30/2025 0:05,
"Kept scrolling through my phone again, knowing itâ€™s not helping.","I spent too much time online again, kind of stuck in a loop.",,,-0.22,5/8/2025 0:00,5/8/2025 0:05,
Talked to my mom about life plans. It felt grounding.,Had a calm conversation with my mom about my future.,,,0.35,5/15/2025 4:00,5/15/2025 4:05,
I had a long walk after work and reflected on how I react to feedback.,"I walked a lot after work, just thinking about my reaction to criticism.",,,0.18,5/1/2025 16:00,5/1/2025 16:05,
"Buy groceries after work, running low on eggs and milk.","Buy groceries after work, running low on eggs and milk.",,,0.47,5/4/2025 4:00,5/4/2025 4:05,
"Kept scrolling through my phone again, knowing itâ€™s not helping.","I spent too much time online again, kind of stuck in a loop.",,,-0.22,5/15/2025 8:00,5/15/2025 8:05,
"Kept scrolling through my phone again, knowing itâ€™s not helping.","I spent too much time online again, kind of stuck in a loop.",,,-0.22,6/1/2025 16:00,6/1/2025 16:05,
"Kept scrolling through my phone again, knowing itâ€™s not helping.","I spent too much time online again, kind of stuck in a loop.",,,-0.22,5/14/2025 16:00,5/14/2025 16:05,
Laughed so hard at dinner with friends tonight. I really needed that.,Dinner with friends made me feel so much lighter. Laughed a lot.,,,0.47,5/27/2025 12:00,5/27/2025 12:05,
Laughed so hard at dinner with friends tonight. I really needed that.,Dinner with friends made me feel so much lighter. Laughed a lot.,,,0.47,5/8/2025 4:00,5/8/2025 4:05,
Talked to my mom about life plans. It felt grounding.,Had a calm conversation with my mom about my future.,,,0.35,5/21/2025 4:00,5/21/2025 4:05,
"Kept scrolling through my phone again, knowing itâ€™s not helping.","I spent too much time online again, kind of stuck in a loop.",,,-0.22,5/24/2025 0:00,5/24/2025 0:05,
"Kept scrolling through my phone again, knowing itâ€™s not helping.","I spent too much time online again, kind of stuck in a loop.",,,-0.22,5/8/2025 16:00,5/8/2025 16:05,
"Kept scrolling through my phone again, knowing itâ€™s not helping.","I spent too much time online again, kind of stuck in a loop.",,,-0.22,5/26/2025 0:00,5/26/2025 0:05,
"Kept scrolling through my phone again, knowing itâ€™s not helping.","I spent too much time online again, kind of stuck in a loop.",,,-0.22,5/22/2025 16:00,5/22/2025 16:05,
I had a long walk after work and reflected on how I react to feedback.,"I walked a lot after work, just thinking about my reaction to criticism.",,,0.18,5/15/2025 0:00,5/15/2025 0:05,
Laughed so hard at dinner with friends tonight. I really needed that.,Dinner with friends made me feel so much lighter. Laughed a lot.,,,0.47,5/12/2025 4:00,5/12/2025 4:05,
Talked to my mom about life plans. It felt grounding.,Had a calm conversation with my mom about my future.,,,0.35,5/18/2025 12:00,5/18/2025 12:05,
Laughed so hard at dinner with friends tonight. I really needed that.,Dinner with friends made me feel so much lighter. Laughed a lot.,,,0.47,5/16/2025 20:00,5/16/2025 20:05,
